Run,Assay Type,HOST,isolation_source,Library Name,Sample Name,LibraryLayout,AvgSpotLen,Bases,BioProject,BioSample,BioSampleModel,Bytes,Center Name,Collection_Date,Consent,DATASTORE filetype,DATASTORE provider,DATASTORE region,Experiment,geo_loc_name_country,geo_loc_name_country_continent,geo_loc_name,Instrument,lat_lon,LibrarySelection,LibrarySource,Organism,Platform,ReleaseDate,create_date,version,SRA Study
SRR8061729,AMPLICON,Homo sapiens,feces,AD01,AD01,PAIRED,601,31048775,PRJNA496408,SAMN10240677,Metagenome or environmental,20984504,ZHEJIANG UNIVERSITY,2017-01-15,public,"fastq,run.zq,sra","gs,ncbi,s3","gs.us-east1,ncbi.public,s3.us-east-1",SRX4891277,China,Asia,China:Hangzhou,Illumina MiSeq,30.3 N 120.2 E,PCR,GENOMIC,human gut metagenome,ILLUMINA,2019-11-15T00:00:00Z,2018-10-16T06:23:00Z,1,SRP165827
SRR8061730,AMPLICON,Homo sapiens,feces,AD02,AD01,PAIRED,601,34094237,PRJNA496408,SAMN10240677,Metagenome or environmental,21746709,ZHEJIANG UNIVERSITY,2017-01-15,public,"fastq,run.zq,sra","gs,ncbi,s3","gs.us-east1,ncbi.public,s3.us-east-1",SRX4891276,China,Asia,China:Hangzhou,Illumina MiSeq,30.3 N 120.2 E,PCR,GENOMIC,human gut metagenome,ILLUMINA,2019-11-15T00:00:00Z,2018-10-16T06:23:00Z,1,SRP165827
SRR8061727,AMPLICON,Homo sapiens,feces,AD03,AD01,PAIRED,601,30174479,PRJNA496408,SAMN10240677,Metagenome or environmental,19679783,ZHEJIANG UNIVERSITY,2017-01-15,public,"fastq,run.zq,sra","gs,ncbi,s3","gs.us-east1,ncbi.public,s3.us-east-1",SRX4891279,China,Asia,China:Hangzhou,Illumina MiSeq,30.3 N 120.2 E,PCR,GENOMIC,human gut metagenome,ILLUMINA,2019-11-15T00:00:00Z,2018-10-16T06:23:00Z,1,SRP165827
SRR8061728,AMPLICON,Homo sapiens,feces,AD04,AD01,PAIRED,601,30278082,PRJNA496408,SAMN10240677,Metagenome or environmental,19807133,ZHEJIANG UNIVERSITY,2017-01-15,public,"fastq,run.zq,sra","gs,ncbi,s3","gs.us-east1,ncbi.public,s3.us-east-1",SRX4891278,China,Asia,China:Hangzhou,Illumina MiSeq,30.3 N 120.2 E,PCR,GENOMIC,human gut metagenome,ILLUMINA,2019-11-15T00:00:00Z,2018-10-16T06:23:00Z,1,SRP165827
SRR8061733,AMPLICON,Homo sapiens,feces,AD05,AD01,PAIRED,601,24110169,PRJNA496408,SAMN10240677,Metagenome or environmental,15762281,ZHEJIANG UNIVERSITY,2017-01-15,public,"fastq,run.zq,sra","gs,ncbi,s3","gs.us-east1,ncbi.public,s3.us-east-1",SRX4891273,China,Asia,China:Hangzhou,Illumina MiSeq,30.3 N 120.2 E,PCR,GENOMIC,human gut metagenome,ILLUMINA,2019-11-15T00:00:00Z,2018-10-16T06:23:00Z,1,SRP165827
SRR8061734,AMPLICON,Homo sapiens,feces,AD06,AD01,PAIRED,601,25084581,PRJNA496408,SAMN10240677,Metagenome or environmental,16397104,ZHEJIANG UNIVERSITY,2017-01-15,public,"fastq,run.zq,sra","gs,ncbi,s3","gs.us-east1,ncbi.public,s3.us-east-1",SRX4891272,China,Asia,China:Hangzhou,Illumina MiSeq,30.3 N 120.2 E,PCR,GENOMIC,human gut metagenome,ILLUMINA,2019-11-15T00:00:00Z,2018-10-16T06:23:00Z,1,SRP165827
SRR8061731,AMPLICON,Homo sapiens,feces,AD07,AD01,PAIRED,601,19479291,PRJNA496408,SAMN10240677,Metagenome or environmental,12843544,ZHEJIANG UNIVERSITY,2017-01-15,public,"fastq,run.zq,sra","gs,ncbi,s3","gs.us-east1,ncbi.public,s3.us-east-1",SRX4891275,China,Asia,China:Hangzhou,Illumina MiSeq,30.3 N 120.2 E,PCR,GENOMIC,human gut metagenome,ILLUMINA,2019-11-15T00:00:00Z,2018-10-16T06:23:00Z,1,SRP165827
SRR8061732,AMPLICON,Homo sapiens,feces,AD08,AD01,PAIRED,601,26363878,PRJNA496408,SAMN10240677,Metagenome or environmental,17424722,ZHEJIANG UNIVERSITY,2017-01-15,public,"fastq,run.zq,sra","gs,ncbi,s3","gs.us-east1,ncbi.public,s3.us-east-1",SRX4891274,China,Asia,China:Hangzhou,Illumina MiSeq,30.3 N 120.2 E,PCR,GENOMIC,human gut metagenome,ILLUMINA,2019-11-15T00:00:00Z,2018-10-16T06:23:00Z,1,SRP165827
SRR8061725,AMPLICON,Homo sapiens,feces,AD09,AD01,PAIRED,601,37014601,PRJNA496408,SAMN10240677,Metagenome or environmental,24406315,ZHEJIANG UNIVERSITY,2017-01-15,public,"fastq,run.zq,sra","gs,ncbi,s3","gs.us-east1,ncbi.public,s3.us-east-1",SRX4891281,China,Asia,China:Hangzhou,Illumina MiSeq,30.3 N 120.2 E,PCR,GENOMIC,human gut metagenome,ILLUMINA,2019-11-15T00:00:00Z,2018-10-16T06:23:00Z,1,SRP165827
SRR8061726,AMPLICON,Homo sapiens,feces,AD10,AD01,PAIRED,601,26078269,PRJNA496408,SAMN10240677,Metagenome or environmental,17150038,ZHEJIANG UNIVERSITY,2017-01-15,public,"fastq,run.zq,sra","gs,ncbi,s3","gs.us-east1,ncbi.public,s3.us-east-1",SRX4891280,China,Asia,China:Hangzhou,Illumina MiSeq,30.3 N 120.2 E,PCR,GENOMIC,human gut metagenome,ILLUMINA,2019-11-15T00:00:00Z,2018-10-16T06:23:00Z,1,SRP165827
SRR8061772,AMPLICON,Homo sapiens,feces,AD11,AD01,PAIRED,601,28378460,PRJNA496408,SAMN10240677,Metagenome or environmental,18612714,ZHEJIANG UNIVERSITY,2017-01-15,public,"fastq,run.zq,sra","gs,ncbi,s3","gs.us-east1,ncbi.public,s3.us-east-1",SRX4891234,China,Asia,China:Hangzhou,Illumina MiSeq,30.3 N 120.2 E,PCR,GENOMIC,human gut metagenome,ILLUMINA,2019-11-15T00:00:00Z,2018-10-16T06:23:00Z,1,SRP165827
SRR8061773,AMPLICON,Homo sapiens,feces,AD12,AD01,PAIRED,601,28697682,PRJNA496408,SAMN10240677,Metagenome or environmental,19042000,ZHEJIANG UNIVERSITY,2017-01-15,public,"fastq,run.zq,sra","gs,ncbi,s3","gs.us-east1,ncbi.public,s3.us-east-1",SRX4891233,China,Asia,China:Hangzhou,Illumina MiSeq,30.3 N 120.2 E,PCR,GENOMIC,human gut metagenome,ILLUMINA,2019-11-15T00:00:00Z,2018-10-16T06:23:00Z,1,SRP165827
SRR8061770,AMPLICON,Homo sapiens,feces,AD13,AD01,PAIRED,601,26472133,PRJNA496408,SAMN10240677,Metagenome or environmental,17455726,ZHEJIANG UNIVERSITY,2017-01-15,public,"fastq,run.zq,sra","gs,ncbi,s3","gs.us-east1,ncbi.public,s3.us-east-1",SRX4891236,China,Asia,China:Hangzhou,Illumina MiSeq,30.3 N 120.2 E,PCR,GENOMIC,human gut metagenome,ILLUMINA,2019-11-15T00:00:00Z,2018-10-16T06:23:00Z,1,SRP165827
SRR8061771,AMPLICON,Homo sapiens,feces,AD14,AD01,PAIRED,601,35808651,PRJNA496408,SAMN10240677,Metagenome or environmental,24066863,ZHEJIANG UNIVERSITY,2017-01-15,public,"fastq,run.zq,sra","gs,ncbi,s3","gs.us-east1,ncbi.public,s3.us-east-1",SRX4891235,China,Asia,China:Hangzhou,Illumina MiSeq,30.3 N 120.2 E,PCR,GENOMIC,human gut metagenome,ILLUMINA,2019-11-15T00:00:00Z,2018-10-16T06:23:00Z,1,SRP165827
SRR8061776,AMPLICON,Homo sapiens,feces,AD15,AD01,PAIRED,601,24509885,PRJNA496408,SAMN10240677,Metagenome or environmental,15875723,ZHEJIANG UNIVERSITY,2017-01-15,public,"fastq,run.zq,sra","gs,ncbi,s3","gs.us-east1,ncbi.public,s3.us-east-1",SRX4891230,China,Asia,China:Hangzhou,Illumina MiSeq,30.3 N 120.2 E,PCR,GENOMIC,human gut metagenome,ILLUMINA,2019-11-15T00:00:00Z,2018-10-16T06:23:00Z,1,SRP165827
SRR8061777,AMPLICON,Homo sapiens,feces,AD16,AD01,PAIRED,601,20610637,PRJNA496408,SAMN10240677,Metagenome or environmental,13534961,ZHEJIANG UNIVERSITY,2017-01-15,public,"fastq,run.zq,sra","gs,ncbi,s3","gs.us-east1,ncbi.public,s3.us-east-1",SRX4891229,China,Asia,China:Hangzhou,Illumina MiSeq,30.3 N 120.2 E,PCR,GENOMIC,human gut metagenome,ILLUMINA,2019-11-15T00:00:00Z,2018-10-16T06:23:00Z,1,SRP165827
SRR8061774,AMPLICON,Homo sapiens,feces,AD17,AD01,PAIRED,601,36290595,PRJNA496408,SAMN10240677,Metagenome or environmental,23625485,ZHEJIANG UNIVERSITY,2017-01-15,public,"fastq,run.zq,sra","gs,ncbi,s3","gs.us-east1,ncbi.public,s3.us-east-1",SRX4891232,China,Asia,China:Hangzhou,Illumina MiSeq,30.3 N 120.2 E,PCR,GENOMIC,human gut metagenome,ILLUMINA,2019-11-15T00:00:00Z,2018-10-16T06:23:00Z,1,SRP165827
SRR8061775,AMPLICON,Homo sapiens,feces,AD18,AD01,PAIRED,601,22840559,PRJNA496408,SAMN10240677,Metagenome or environmental,15180615,ZHEJIANG UNIVERSITY,2017-01-15,public,"fastq,run.zq,sra","gs,ncbi,s3","gs.us-east1,ncbi.public,s3.us-east-1",SRX4891231,China,Asia,China:Hangzhou,Illumina MiSeq,30.3 N 120.2 E,PCR,GENOMIC,human gut metagenome,ILLUMINA,2019-11-15T00:00:00Z,2018-10-16T06:23:00Z,1,SRP165827
SRR8061768,AMPLICON,Homo sapiens,feces,AD19,AD01,PAIRED,601,25985940,PRJNA496408,SAMN10240677,Metagenome or environmental,17055115,ZHEJIANG UNIVERSITY,2017-01-15,public,"fastq,run.zq,sra","gs,ncbi,s3","gs.us-east1,ncbi.public,s3.us-east-1",SRX4891238,China,Asia,China:Hangzhou,Illumina MiSeq,30.3 N 120.2 E,PCR,GENOMIC,human gut metagenome,ILLUMINA,2019-11-15T00:00:00Z,2018-10-16T06:23:00Z,1,SRP165827
SRR8061769,AMPLICON,Homo sapiens,feces,AD20,AD01,PAIRED,601,25625920,PRJNA496408,SAMN10240677,Metagenome or environmental,16918487,ZHEJIANG UNIVERSITY,2017-01-15,public,"fastq,run.zq,sra","gs,ncbi,s3","gs.us-east1,ncbi.public,s3.us-east-1",SRX4891237,China,Asia,China:Hangzhou,Illumina MiSeq,30.3 N 120.2 E,PCR,GENOMIC,human gut metagenome,ILLUMINA,2019-11-15T00:00:00Z,2018-10-16T06:23:00Z,1,SRP165827
SRR8061718,AMPLICON,Homo sapiens,feces,AD22,AD01,PAIRED,601,34454690,PRJNA496408,SAMN10240677,Metagenome or environmental,22763063,ZHEJIANG UNIVERSITY,2017-01-15,public,"fastq,run.zq,sra","gs,ncbi,s3","gs.us-east1,ncbi.public,s3.us-east-1",SRX4891288,China,Asia,China:Hangzhou,Illumina MiSeq,30.3 N 120.2 E,PCR,GENOMIC,human gut metagenome,ILLUMINA,2019-11-15T00:00:00Z,2018-10-16T06:23:00Z,1,SRP165827
SRR8061717,AMPLICON,Homo sapiens,feces,AD23,AD01,PAIRED,601,22832010,PRJNA496408,SAMN10240677,Metagenome or environmental,15196050,ZHEJIANG UNIVERSITY,2017-01-15,public,"fastq,run.zq,sra","gs,ncbi,s3","gs.us-east1,ncbi.public,s3.us-east-1",SRX4891289,China,Asia,China:Hangzhou,Illumina MiSeq,30.3 N 120.2 E,PCR,GENOMIC,human gut metagenome,ILLUMINA,2019-11-15T00:00:00Z,2018-10-16T06:23:00Z,1,SRP165827
SRR8061716,AMPLICON,Homo sapiens,feces,AD24,AD01,PAIRED,601,29042086,PRJNA496408,SAMN10240677,Metagenome or environmental,19194338,ZHEJIANG UNIVERSITY,2017-01-15,public,"fastq,run.zq,sra","gs,ncbi,s3","gs.us-east1,ncbi.public,s3.us-east-1",SRX4891290,China,Asia,China:Hangzhou,Illumina MiSeq,30.3 N 120.2 E,PCR,GENOMIC,human gut metagenome,ILLUMINA,2019-11-15T00:00:00Z,2018-10-16T06:23:00Z,1,SRP165827
SRR8061715,AMPLICON,Homo sapiens,feces,AD25,AD01,PAIRED,601,25346570,PRJNA496408,SAMN10240677,Metagenome or environmental,16705180,ZHEJIANG UNIVERSITY,2017-01-15,public,"fastq,run.zq,sra","gs,ncbi,s3","gs.us-east1,ncbi.public,s3.us-east-1",SRX4891291,China,Asia,China:Hangzhou,Illumina MiSeq,30.3 N 120.2 E,PCR,GENOMIC,human gut metagenome,ILLUMINA,2019-11-15T00:00:00Z,2018-10-16T06:23:00Z,1,SRP165827
SRR8061722,AMPLICON,Homo sapiens,feces,AD26,AD01,PAIRED,601,39132135,PRJNA496408,SAMN10240677,Metagenome or environmental,26562897,ZHEJIANG UNIVERSITY,2017-01-15,public,"fastq,run.zq,sra","gs,ncbi,s3","gs.us-east1,ncbi.public,s3.us-east-1",SRX4891284,China,Asia,China:Hangzhou,Illumina MiSeq,30.3 N 120.2 E,PCR,GENOMIC,human gut metagenome,ILLUMINA,2019-11-15T00:00:00Z,2018-10-16T06:23:00Z,1,SRP165827
SRR8061721,AMPLICON,Homo sapiens,feces,AD27,AD01,PAIRED,601,24711752,PRJNA496408,SAMN10240677,Metagenome or environmental,16053475,ZHEJIANG UNIVERSITY,2017-01-15,public,"fastq,run.zq,sra","gs,ncbi,s3","gs.us-east1,ncbi.public,s3.us-east-1",SRX4891285,China,Asia,China:Hangzhou,Illumina MiSeq,30.3 N 120.2 E,PCR,GENOMIC,human gut metagenome,ILLUMINA,2019-11-15T00:00:00Z,2018-10-16T06:23:00Z,1,SRP165827
SRR8061720,AMPLICON,Homo sapiens,feces,AD28,AD01,PAIRED,601,26361565,PRJNA496408,SAMN10240677,Metagenome or environmental,17130123,ZHEJIANG UNIVERSITY,2017-01-15,public,"fastq,run.zq,sra","gs,ncbi,s3","gs.us-east1,ncbi.public,s3.us-east-1",SRX4891286,China,Asia,China:Hangzhou,Illumina MiSeq,30.3 N 120.2 E,PCR,GENOMIC,human gut metagenome,ILLUMINA,2019-11-15T00:00:00Z,2018-10-16T06:23:00Z,1,SRP165827
SRR8061719,AMPLICON,Homo sapiens,feces,AD29,AD01,PAIRED,601,22645790,PRJNA496408,SAMN10240677,Metagenome or environmental,15002900,ZHEJIANG UNIVERSITY,2017-01-15,public,"fastq,run.zq,sra","gs,ncbi,s3","gs.us-east1,ncbi.public,s3.us-east-1",SRX4891287,China,Asia,China:Hangzhou,Illumina MiSeq,30.3 N 120.2 E,PCR,GENOMIC,human gut metagenome,ILLUMINA,2019-11-15T00:00:00Z,2018-10-16T06:23:00Z,1,SRP165827
SRR8061724,AMPLICON,Homo sapiens,feces,AD30,AD01,PAIRED,601,38903120,PRJNA496408,SAMN10240677,Metagenome or environmental,25747557,ZHEJIANG UNIVERSITY,2017-01-15,public,"fastq,run.zq,sra","gs,ncbi,s3","gs.us-east1,ncbi.public,s3.us-east-1",SRX4891282,China,Asia,China:Hangzhou,Illumina MiSeq,30.3 N 120.2 E,PCR,GENOMIC,human gut metagenome,ILLUMINA,2019-11-15T00:00:00Z,2018-10-16T06:23:00Z,1,SRP165827
SRR8061723,AMPLICON,Homo sapiens,feces,AD31,AD01,PAIRED,601,38074164,PRJNA496408,SAMN10240677,Metagenome or environmental,24777445,ZHEJIANG UNIVERSITY,2017-01-15,public,"fastq,run.zq,sra","gs,ncbi,s3","gs.us-east1,ncbi.public,s3.us-east-1",SRX4891283,China,Asia,China:Hangzhou,Illumina MiSeq,30.3 N 120.2 E,PCR,GENOMIC,human gut metagenome,ILLUMINA,2019-11-15T00:00:00Z,2018-10-16T06:23:00Z,1,SRP165827
SRR8061741,AMPLICON,Homo sapiens,feces,AD32,AD01,PAIRED,601,24272147,PRJNA496408,SAMN10240677,Metagenome or environmental,15923577,ZHEJIANG UNIVERSITY,2017-01-15,public,"fastq,run.zq,sra","gs,ncbi,s3","gs.us-east1,ncbi.public,s3.us-east-1",SRX4891265,China,Asia,China:Hangzhou,Illumina MiSeq,30.3 N 120.2 E,PCR,GENOMIC,human gut metagenome,ILLUMINA,2019-11-15T00:00:00Z,2018-10-16T06:23:00Z,1,SRP165827
SRR8061742,AMPLICON,Homo sapiens,feces,AD33,AD01,PAIRED,601,24157494,PRJNA496408,SAMN10240677,Metagenome or environmental,15980917,ZHEJIANG UNIVERSITY,2017-01-15,public,"fastq,run.zq,sra","gs,ncbi,s3","gs.us-east1,ncbi.public,s3.us-east-1",SRX4891264,China,Asia,China:Hangzhou,Illumina MiSeq,30.3 N 120.2 E,PCR,GENOMIC,human gut metagenome,ILLUMINA,2019-11-15T00:00:00Z,2018-10-16T06:23:00Z,1,SRP165827
SRR8061743,AMPLICON,Homo sapiens,feces,AD34,AD01,PAIRED,601,31960748,PRJNA496408,SAMN10240677,Metagenome or environmental,21153297,ZHEJIANG UNIVERSITY,2017-01-15,public,"fastq,run.zq,sra","gs,ncbi,s3","gs.us-east1,ncbi.public,s3.us-east-1",SRX4891263,China,Asia,China:Hangzhou,Illumina MiSeq,30.3 N 120.2 E,PCR,GENOMIC,human gut metagenome,ILLUMINA,2019-11-15T00:00:00Z,2018-10-16T06:23:00Z,1,SRP165827
SRR8061744,AMPLICON,Homo sapiens,feces,MCI01,AD01,PAIRED,601,36777553,PRJNA496408,SAMN10240677,Metagenome or environmental,24054336,ZHEJIANG UNIVERSITY,2017-01-15,public,"fastq,run.zq,sra","gs,ncbi,s3","gs.us-east1,ncbi.public,s3.us-east-1",SRX4891262,China,Asia,China:Hangzhou,Illumina MiSeq,30.3 N 120.2 E,PCR,GENOMIC,human gut metagenome,ILLUMINA,2019-11-15T00:00:00Z,2018-10-16T06:23:00Z,1,SRP165827
SRR8061737,AMPLICON,Homo sapiens,feces,MCI02,AD01,PAIRED,601,26166084,PRJNA496408,SAMN10240677,Metagenome or environmental,17215078,ZHEJIANG UNIVERSITY,2017-01-15,public,"fastq,run.zq,sra","gs,ncbi,s3","gs.us-east1,ncbi.public,s3.us-east-1",SRX4891269,China,Asia,China:Hangzhou,Illumina MiSeq,30.3 N 120.2 E,PCR,GENOMIC,human gut metagenome,ILLUMINA,2019-11-15T00:00:00Z,2018-10-16T06:23:00Z,1,SRP165827
SRR8061738,AMPLICON,Homo sapiens,feces,MCI03,AD01,PAIRED,601,27941583,PRJNA496408,SAMN10240677,Metagenome or environmental,18177363,ZHEJIANG UNIVERSITY,2017-01-15,public,"fastq,run.zq,sra","gs,ncbi,s3","gs.us-east1,ncbi.public,s3.us-east-1",SRX4891268,China,Asia,China:Hangzhou,Illumina MiSeq,30.3 N 120.2 E,PCR,GENOMIC,human gut metagenome,ILLUMINA,2019-11-15T00:00:00Z,2018-10-16T06:23:00Z,1,SRP165827
SRR8061739,AMPLICON,Homo sapiens,feces,MCI04,AD01,PAIRED,601,33481523,PRJNA496408,SAMN10240677,Metagenome or environmental,21901626,ZHEJIANG UNIVERSITY,2017-01-15,public,"fastq,run.zq,sra","gs,ncbi,s3","gs.us-east1,ncbi.public,s3.us-east-1",SRX4891267,China,Asia,China:Hangzhou,Illumina MiSeq,30.3 N 120.2 E,PCR,GENOMIC,human gut metagenome,ILLUMINA,2019-11-15T00:00:00Z,2018-10-16T06:23:00Z,1,SRP165827
SRR8061740,AMPLICON,Homo sapiens,feces,MCI05,AD01,PAIRED,601,29481899,PRJNA496408,SAMN10240677,Metagenome or environmental,19358266,ZHEJIANG UNIVERSITY,2017-01-15,public,"fastq,run.zq,sra","gs,ncbi,s3","gs.us-east1,ncbi.public,s3.us-east-1",SRX4891266,China,Asia,China:Hangzhou,Illumina MiSeq,30.3 N 120.2 E,PCR,GENOMIC,human gut metagenome,ILLUMINA,2019-11-15T00:00:00Z,2018-10-16T06:23:00Z,1,SRP165827
SRR8061735,AMPLICON,Homo sapiens,feces,MCI06,AD01,PAIRED,601,35871841,PRJNA496408,SAMN10240677,Metagenome or environmental,23603358,ZHEJIANG UNIVERSITY,2017-01-15,public,"fastq,run.zq,sra","gs,ncbi,s3","gs.us-east1,ncbi.public,s3.us-east-1",SRX4891271,China,Asia,China:Hangzhou,Illumina MiSeq,30.3 N 120.2 E,PCR,GENOMIC,human gut metagenome,ILLUMINA,2019-11-15T00:00:00Z,2018-10-16T06:23:00Z,1,SRP165827
SRR8061736,AMPLICON,Homo sapiens,feces,MCI07,AD01,PAIRED,601,31262887,PRJNA496408,SAMN10240677,Metagenome or environmental,20578025,ZHEJIANG UNIVERSITY,2017-01-15,public,"fastq,run.zq,sra","gs,ncbi,s3","gs.us-east1,ncbi.public,s3.us-east-1",SRX4891270,China,Asia,China:Hangzhou,Illumina MiSeq,30.3 N 120.2 E,PCR,GENOMIC,human gut metagenome,ILLUMINA,2019-11-15T00:00:00Z,2018-10-16T06:23:00Z,1,SRP165827
SRR8061793,AMPLICON,Homo sapiens,feces,MCI08,AD01,PAIRED,601,30206317,PRJNA496408,SAMN10240677,Metagenome or environmental,20011914,ZHEJIANG UNIVERSITY,2017-01-15,public,"fastq,run.zq,sra","gs,ncbi,s3","gs.us-east1,ncbi.public,s3.us-east-1",SRX4891213,China,Asia,China:Hangzhou,Illumina MiSeq,30.3 N 120.2 E,PCR,GENOMIC,human gut metagenome,ILLUMINA,2019-11-15T00:00:00Z,2018-10-16T06:23:00Z,1,SRP165827
SRR8061792,AMPLICON,Homo sapiens,feces,MCI09,AD01,PAIRED,601,18453782,PRJNA496408,SAMN10240677,Metagenome or environmental,12511550,ZHEJIANG UNIVERSITY,2017-01-15,public,"fastq,run.zq,sra","gs,ncbi,s3","gs.us-east1,ncbi.public,s3.us-east-1",SRX4891214,China,Asia,China:Hangzhou,Illumina MiSeq,30.3 N 120.2 E,PCR,GENOMIC,human gut metagenome,ILLUMINA,2019-11-15T00:00:00Z,2018-10-16T06:23:00Z,1,SRP165827
SRR8061795,AMPLICON,Homo sapiens,feces,MCI10,AD01,PAIRED,601,29474273,PRJNA496408,SAMN10240677,Metagenome or environmental,18738622,ZHEJIANG UNIVERSITY,2017-01-15,public,"fastq,run.zq,sra","gs,ncbi,s3","gs.us-east1,ncbi.public,s3.us-east-1",SRX4891211,China,Asia,China:Hangzhou,Illumina MiSeq,30.3 N 120.2 E,PCR,GENOMIC,human gut metagenome,ILLUMINA,2019-11-15T00:00:00Z,2018-10-16T06:23:00Z,1,SRP165827
SRR8061794,AMPLICON,Homo sapiens,feces,MCI11,AD01,PAIRED,601,27249980,PRJNA496408,SAMN10240677,Metagenome or environmental,17769822,ZHEJIANG UNIVERSITY,2017-01-15,public,"fastq,run.zq,sra","gs,ncbi,s3","gs.us-east1,ncbi.public,s3.us-east-1",SRX4891212,China,Asia,China:Hangzhou,Illumina MiSeq,30.3 N 120.2 E,PCR,GENOMIC,human gut metagenome,ILLUMINA,2019-11-15T00:00:00Z,2018-10-16T06:23:00Z,1,SRP165827
SRR8061789,AMPLICON,Homo sapiens,feces,MCI12,AD01,PAIRED,601,28408843,PRJNA496408,SAMN10240677,Metagenome or environmental,18528112,ZHEJIANG UNIVERSITY,2017-01-15,public,"fastq,run.zq,sra","gs,ncbi,s3","gs.us-east1,ncbi.public,s3.us-east-1",SRX4891217,China,Asia,China:Hangzhou,Illumina MiSeq,30.3 N 120.2 E,PCR,GENOMIC,human gut metagenome,ILLUMINA,2019-11-15T00:00:00Z,2018-10-16T06:23:00Z,1,SRP165827
SRR8061788,AMPLICON,Homo sapiens,feces,MCI13,AD01,PAIRED,601,28382645,PRJNA496408,SAMN10240677,Metagenome or environmental,18634338,ZHEJIANG UNIVERSITY,2017-01-15,public,"fastq,run.zq,sra","gs,ncbi,s3","gs.us-east1,ncbi.public,s3.us-east-1",SRX4891218,China,Asia,China:Hangzhou,Illumina MiSeq,30.3 N 120.2 E,PCR,GENOMIC,human gut metagenome,ILLUMINA,2019-11-15T00:00:00Z,2018-10-16T06:23:00Z,1,SRP165827
SRR8061791,AMPLICON,Homo sapiens,feces,MCI14,AD01,PAIRED,601,25434331,PRJNA496408,SAMN10240677,Metagenome or environmental,16766789,ZHEJIANG UNIVERSITY,2017-01-15,public,"fastq,run.zq,sra","gs,ncbi,s3","gs.us-east1,ncbi.public,s3.us-east-1",SRX4891215,China,Asia,China:Hangzhou,Illumina MiSeq,30.3 N 120.2 E,PCR,GENOMIC,human gut metagenome,ILLUMINA,2019-11-15T00:00:00Z,2018-10-16T06:23:00Z,1,SRP165827
SRR8061790,AMPLICON,Homo sapiens,feces,MCI15,AD01,PAIRED,601,23999683,PRJNA496408,SAMN10240677,Metagenome or environmental,15856055,ZHEJIANG UNIVERSITY,2017-01-15,public,"fastq,run.zq,sra","gs,ncbi,s3","gs.us-east1,ncbi.public,s3.us-east-1",SRX4891216,China,Asia,China:Hangzhou,Illumina MiSeq,30.3 N 120.2 E,PCR,GENOMIC,human gut metagenome,ILLUMINA,2019-11-15T00:00:00Z,2018-10-16T06:23:00Z,1,SRP165827
SRR8061797,AMPLICON,Homo sapiens,feces,MCI16,AD01,PAIRED,601,27553377,PRJNA496408,SAMN10240677,Metagenome or environmental,18216899,ZHEJIANG UNIVERSITY,2017-01-15,public,"fastq,run.zq,sra","gs,ncbi,s3","gs.us-east1,ncbi.public,s3.us-east-1",SRX4891209,China,Asia,China:Hangzhou,Illumina MiSeq,30.3 N 120.2 E,PCR,GENOMIC,human gut metagenome,ILLUMINA,2019-11-15T00:00:00Z,2018-10-16T06:23:00Z,1,SRP165827
SRR8061796,AMPLICON,Homo sapiens,feces,MCI17,AD01,PAIRED,601,20827634,PRJNA496408,SAMN10240677,Metagenome or environmental,13776416,ZHEJIANG UNIVERSITY,2017-01-15,public,"fastq,run.zq,sra","gs,ncbi,s3","gs.us-east1,ncbi.public,s3.us-east-1",SRX4891210,China,Asia,China:Hangzhou,Illumina MiSeq,30.3 N 120.2 E,PCR,GENOMIC,human gut metagenome,ILLUMINA,2019-11-15T00:00:00Z,2018-10-16T06:23:00Z,1,SRP165827
SRR8061804,AMPLICON,Homo sapiens,feces,MCI18,AD01,PAIRED,601,32458632,PRJNA496408,SAMN10240677,Metagenome or environmental,21268195,ZHEJIANG UNIVERSITY,2017-01-15,public,"fastq,run.zq,sra","gs,ncbi,s3","gs.us-east1,ncbi.public,s3.us-east-1",SRX4891202,China,Asia,China:Hangzhou,Illumina MiSeq,30.3 N 120.2 E,PCR,GENOMIC,human gut metagenome,ILLUMINA,2019-11-15T00:00:00Z,2018-10-16T06:23:00Z,1,SRP165827
SRR8061805,AMPLICON,Homo sapiens,feces,MCI19,AD01,PAIRED,601,29297500,PRJNA496408,SAMN10240677,Metagenome or environmental,19304227,ZHEJIANG UNIVERSITY,2017-01-15,public,"fastq,run.zq,sra","gs,ncbi,s3","gs.us-east1,ncbi.public,s3.us-east-1",SRX4891201,China,Asia,China:Hangzhou,Illumina MiSeq,30.3 N 120.2 E,PCR,GENOMIC,human gut metagenome,ILLUMINA,2019-11-15T00:00:00Z,2018-10-16T06:23:00Z,1,SRP165827
SRR8061802,AMPLICON,Homo sapiens,feces,MCI20,AD01,PAIRED,601,18872950,PRJNA496408,SAMN10240677,Metagenome or environmental,12491007,ZHEJIANG UNIVERSITY,2017-01-15,public,"fastq,run.zq,sra","gs,ncbi,s3","gs.us-east1,ncbi.public,s3.us-east-1",SRX4891204,China,Asia,China:Hangzhou,Illumina MiSeq,30.3 N 120.2 E,PCR,GENOMIC,human gut metagenome,ILLUMINA,2019-11-15T00:00:00Z,2018-10-16T06:23:00Z,1,SRP165827
SRR8061803,AMPLICON,Homo sapiens,feces,MCI21,AD01,PAIRED,601,38403650,PRJNA496408,SAMN10240677,Metagenome or environmental,25385146,ZHEJIANG UNIVERSITY,2017-01-15,public,"fastq,run.zq,sra","gs,ncbi,s3","gs.us-east1,ncbi.public,s3.us-east-1",SRX4891203,China,Asia,China:Hangzhou,Illumina MiSeq,30.3 N 120.2 E,PCR,GENOMIC,human gut metagenome,ILLUMINA,2019-11-15T00:00:00Z,2018-10-16T06:24:00Z,1,SRP165827
SRR8061800,AMPLICON,Homo sapiens,feces,MCI22,AD01,PAIRED,601,28337210,PRJNA496408,SAMN10240677,Metagenome or environmental,18508658,ZHEJIANG UNIVERSITY,2017-01-15,public,"fastq,run.zq,sra","gs,ncbi,s3","gs.us-east1,ncbi.public,s3.us-east-1",SRX4891206,China,Asia,China:Hangzhou,Illumina MiSeq,30.3 N 120.2 E,PCR,GENOMIC,human gut metagenome,ILLUMINA,2019-11-15T00:00:00Z,2018-10-16T06:23:00Z,1,SRP165827
SRR8061801,AMPLICON,Homo sapiens,feces,MCI23,AD01,PAIRED,601,29087506,PRJNA496408,SAMN10240677,Metagenome or environmental,19284972,ZHEJIANG UNIVERSITY,2017-01-15,public,"fastq,run.zq,sra","gs,ncbi,s3","gs.us-east1,ncbi.public,s3.us-east-1",SRX4891205,China,Asia,China:Hangzhou,Illumina MiSeq,30.3 N 120.2 E,PCR,GENOMIC,human gut metagenome,ILLUMINA,2019-11-15T00:00:00Z,2018-10-16T06:23:00Z,1,SRP165827
SRR8061798,AMPLICON,Homo sapiens,feces,MCI26,AD01,PAIRED,601,21634945,PRJNA496408,SAMN10240677,Metagenome or environmental,14316332,ZHEJIANG UNIVERSITY,2017-01-15,public,"fastq,run.zq,sra","gs,ncbi,s3","gs.us-east1,ncbi.public,s3.us-east-1",SRX4891208,China,Asia,China:Hangzhou,Illumina MiSeq,30.3 N 120.2 E,PCR,GENOMIC,human gut metagenome,ILLUMINA,2019-11-15T00:00:00Z,2018-10-16T06:23:00Z,1,SRP165827
SRR8061799,AMPLICON,Homo sapiens,feces,MCI27,AD01,PAIRED,601,25628980,PRJNA496408,SAMN10240677,Metagenome or environmental,16912299,ZHEJIANG UNIVERSITY,2017-01-15,public,"fastq,run.zq,sra","gs,ncbi,s3","gs.us-east1,ncbi.public,s3.us-east-1",SRX4891207,China,Asia,China:Hangzhou,Illumina MiSeq,30.3 N 120.2 E,PCR,GENOMIC,human gut metagenome,ILLUMINA,2019-11-15T00:00:00Z,2018-10-16T06:23:00Z,1,SRP165827
SRR8061806,AMPLICON,Homo sapiens,feces,MCI28,AD01,PAIRED,601,32235961,PRJNA496408,SAMN10240677,Metagenome or environmental,21083232,ZHEJIANG UNIVERSITY,2017-01-15,public,"fastq,run.zq,sra","gs,ncbi,s3","gs.us-east1,ncbi.public,s3.us-east-1",SRX4891200,China,Asia,China:Hangzhou,Illumina MiSeq,30.3 N 120.2 E,PCR,GENOMIC,human gut metagenome,ILLUMINA,2019-11-15T00:00:00Z,2018-10-16T06:23:00Z,1,SRP165827
SRR8061807,AMPLICON,Homo sapiens,feces,MCI29,AD01,PAIRED,601,29761752,PRJNA496408,SAMN10240677,Metagenome or environmental,19563690,ZHEJIANG UNIVERSITY,2017-01-15,public,"fastq,run.zq,sra","gs,ncbi,s3","gs.us-east1,ncbi.public,s3.us-east-1",SRX4891199,China,Asia,China:Hangzhou,Illumina MiSeq,30.3 N 120.2 E,PCR,GENOMIC,human gut metagenome,ILLUMINA,2019-11-15T00:00:00Z,2018-10-16T06:23:00Z,1,SRP165827
SRR8061764,AMPLICON,Homo sapiens,feces,MCI30,AD01,PAIRED,601,29586269,PRJNA496408,SAMN10240677,Metagenome or environmental,19485177,ZHEJIANG UNIVERSITY,2017-01-15,public,"fastq,run.zq,sra","gs,ncbi,s3","gs.us-east1,ncbi.public,s3.us-east-1",SRX4891242,China,Asia,China:Hangzhou,Illumina MiSeq,30.3 N 120.2 E,PCR,GENOMIC,human gut metagenome,ILLUMINA,2019-11-15T00:00:00Z,2018-10-16T06:23:00Z,1,SRP165827
SRR8061763,AMPLICON,Homo sapiens,feces,MCI31,AD01,PAIRED,601,33601571,PRJNA496408,SAMN10240677,Metagenome or environmental,22088657,ZHEJIANG UNIVERSITY,2017-01-15,public,"fastq,run.zq,sra","gs,ncbi,s3","gs.us-east1,ncbi.public,s3.us-east-1",SRX4891243,China,Asia,China:Hangzhou,Illumina MiSeq,30.3 N 120.2 E,PCR,GENOMIC,human gut metagenome,ILLUMINA,2019-11-15T00:00:00Z,2018-10-16T06:23:00Z,1,SRP165827
SRR8061762,AMPLICON,Homo sapiens,feces,MCI32,AD01,PAIRED,601,27375768,PRJNA496408,SAMN10240677,Metagenome or environmental,18147129,ZHEJIANG UNIVERSITY,2017-01-15,public,"fastq,run.zq,sra","gs,ncbi,s3","gs.us-east1,ncbi.public,s3.us-east-1",SRX4891244,China,Asia,China:Hangzhou,Illumina MiSeq,30.3 N 120.2 E,PCR,GENOMIC,human gut metagenome,ILLUMINA,2019-11-15T00:00:00Z,2018-10-16T06:23:00Z,1,SRP165827
SRR8061761,AMPLICON,Homo sapiens,feces,MCI33,AD01,PAIRED,601,21732314,PRJNA496408,SAMN10240677,Metagenome or environmental,13699815,ZHEJIANG UNIVERSITY,2017-01-15,public,"fastq,run.zq,sra","gs,ncbi,s3","gs.us-east1,ncbi.public,s3.us-east-1",SRX4891245,China,Asia,China:Hangzhou,Illumina MiSeq,30.3 N 120.2 E,PCR,GENOMIC,human gut metagenome,ILLUMINA,2019-11-15T00:00:00Z,2018-10-16T06:23:00Z,1,SRP165827
SRR8061760,AMPLICON,Homo sapiens,feces,MCI34,AD01,PAIRED,601,38089496,PRJNA496408,SAMN10240677,Metagenome or environmental,25269461,ZHEJIANG UNIVERSITY,2017-01-15,public,"fastq,run.zq,sra","gs,ncbi,s3","gs.us-east1,ncbi.public,s3.us-east-1",SRX4891246,China,Asia,China:Hangzhou,Illumina MiSeq,30.3 N 120.2 E,PCR,GENOMIC,human gut metagenome,ILLUMINA,2019-11-15T00:00:00Z,2018-10-16T06:23:00Z,1,SRP165827
SRR8061759,AMPLICON,Homo sapiens,feces,NC01,AD01,PAIRED,601,26867015,PRJNA496408,SAMN10240677,Metagenome or environmental,17738067,ZHEJIANG UNIVERSITY,2017-01-15,public,"fastq,run.zq,sra","gs,ncbi,s3","gs.us-east1,ncbi.public,s3.us-east-1",SRX4891247,China,Asia,China:Hangzhou,Illumina MiSeq,30.3 N 120.2 E,PCR,GENOMIC,human gut metagenome,ILLUMINA,2019-11-15T00:00:00Z,2018-10-16T06:23:00Z,1,SRP165827
SRR8061758,AMPLICON,Homo sapiens,feces,NC02,AD01,PAIRED,601,27097404,PRJNA496408,SAMN10240677,Metagenome or environmental,17675189,ZHEJIANG UNIVERSITY,2017-01-15,public,"fastq,run.zq,sra","gs,ncbi,s3","gs.us-east1,ncbi.public,s3.us-east-1",SRX4891248,China,Asia,China:Hangzhou,Illumina MiSeq,30.3 N 120.2 E,PCR,GENOMIC,human gut metagenome,ILLUMINA,2019-11-15T00:00:00Z,2018-10-16T06:23:00Z,1,SRP165827
SRR8061757,AMPLICON,Homo sapiens,feces,NC03,AD01,PAIRED,601,21898388,PRJNA496408,SAMN10240677,Metagenome or environmental,14458678,ZHEJIANG UNIVERSITY,2017-01-15,public,"fastq,run.zq,sra","gs,ncbi,s3","gs.us-east1,ncbi.public,s3.us-east-1",SRX4891249,China,Asia,China:Hangzhou,Illumina MiSeq,30.3 N 120.2 E,PCR,GENOMIC,human gut metagenome,ILLUMINA,2019-11-15T00:00:00Z,2018-10-16T06:23:00Z,1,SRP165827
SRR8061756,AMPLICON,Homo sapiens,feces,NC04,AD01,PAIRED,601,28906904,PRJNA496408,SAMN10240677,Metagenome or environmental,19182867,ZHEJIANG UNIVERSITY,2017-01-15,public,"fastq,run.zq,sra","gs,ncbi,s3","gs.us-east1,ncbi.public,s3.us-east-1",SRX4891250,China,Asia,China:Hangzhou,Illumina MiSeq,30.3 N 120.2 E,PCR,GENOMIC,human gut metagenome,ILLUMINA,2019-11-15T00:00:00Z,2018-10-16T06:23:00Z,1,SRP165827
SRR8061755,AMPLICON,Homo sapiens,feces,NC05,AD01,PAIRED,601,24785763,PRJNA496408,SAMN10240677,Metagenome or environmental,16307172,ZHEJIANG UNIVERSITY,2017-01-15,public,"fastq,run.zq,sra","gs,ncbi,s3","gs.us-east1,ncbi.public,s3.us-east-1",SRX4891251,China,Asia,China:Hangzhou,Illumina MiSeq,30.3 N 120.2 E,PCR,GENOMIC,human gut metagenome,ILLUMINA,2019-11-15T00:00:00Z,2018-10-16T06:23:00Z,1,SRP165827
SRR8061780,AMPLICON,Homo sapiens,feces,NC06,AD01,PAIRED,601,25682060,PRJNA496408,SAMN10240677,Metagenome or environmental,16940595,ZHEJIANG UNIVERSITY,2017-01-15,public,"fastq,run.zq,sra","gs,ncbi,s3","gs.us-east1,ncbi.public,s3.us-east-1",SRX4891226,China,Asia,China:Hangzhou,Illumina MiSeq,30.3 N 120.2 E,PCR,GENOMIC,human gut metagenome,ILLUMINA,2019-11-15T00:00:00Z,2018-10-16T06:23:00Z,1,SRP165827
SRR8061781,AMPLICON,Homo sapiens,feces,NC07,AD01,PAIRED,601,29609628,PRJNA496408,SAMN10240677,Metagenome or environmental,19350737,ZHEJIANG UNIVERSITY,2017-01-15,public,"fastq,run.zq,sra","gs,ncbi,s3","gs.us-east1,ncbi.public,s3.us-east-1",SRX4891225,China,Asia,China:Hangzhou,Illumina MiSeq,30.3 N 120.2 E,PCR,GENOMIC,human gut metagenome,ILLUMINA,2019-11-15T00:00:00Z,2018-10-16T06:23:00Z,1,SRP165827
SRR8061782,AMPLICON,Homo sapiens,feces,NC08,AD01,PAIRED,601,26890266,PRJNA496408,SAMN10240677,Metagenome or environmental,17939061,ZHEJIANG UNIVERSITY,2017-01-15,public,"fastq,run.zq,sra","gs,ncbi,s3","gs.us-east1,ncbi.public,s3.us-east-1",SRX4891224,China,Asia,China:Hangzhou,Illumina MiSeq,30.3 N 120.2 E,PCR,GENOMIC,human gut metagenome,ILLUMINA,2019-11-15T00:00:00Z,2018-10-16T06:23:00Z,1,SRP165827
SRR8061783,AMPLICON,Homo sapiens,feces,NC09,AD01,PAIRED,601,22060469,PRJNA496408,SAMN10240677,Metagenome or environmental,14532539,ZHEJIANG UNIVERSITY,2017-01-15,public,"fastq,run.zq,sra","gs,ncbi,s3","gs.us-east1,ncbi.public,s3.us-east-1",SRX4891223,China,Asia,China:Hangzhou,Illumina MiSeq,30.3 N 120.2 E,PCR,GENOMIC,human gut metagenome,ILLUMINA,2019-11-15T00:00:00Z,2018-10-16T06:23:00Z,1,SRP165827
SRR8061784,AMPLICON,Homo sapiens,feces,NC10,AD01,PAIRED,601,33494649,PRJNA496408,SAMN10240677,Metagenome or environmental,21940402,ZHEJIANG UNIVERSITY,2017-01-15,public,"fastq,run.zq,sra","gs,ncbi,s3","gs.us-east1,ncbi.public,s3.us-east-1",SRX4891222,China,Asia,China:Hangzhou,Illumina MiSeq,30.3 N 120.2 E,PCR,GENOMIC,human gut metagenome,ILLUMINA,2019-11-15T00:00:00Z,2018-10-16T06:23:00Z,1,SRP165827
SRR8061785,AMPLICON,Homo sapiens,feces,NC11,AD01,PAIRED,601,26381289,PRJNA496408,SAMN10240677,Metagenome or environmental,17444763,ZHEJIANG UNIVERSITY,2017-01-15,public,"fastq,run.zq,sra","gs,ncbi,s3","gs.us-east1,ncbi.public,s3.us-east-1",SRX4891221,China,Asia,China:Hangzhou,Illumina MiSeq,30.3 N 120.2 E,PCR,GENOMIC,human gut metagenome,ILLUMINA,2019-11-15T00:00:00Z,2018-10-16T06:23:00Z,1,SRP165827
SRR8061786,AMPLICON,Homo sapiens,feces,NC12,AD01,PAIRED,601,25991308,PRJNA496408,SAMN10240677,Metagenome or environmental,17293339,ZHEJIANG UNIVERSITY,2017-01-15,public,"fastq,run.zq,sra","gs,ncbi,s3","gs.us-east1,ncbi.public,s3.us-east-1",SRX4891220,China,Asia,China:Hangzhou,Illumina MiSeq,30.3 N 120.2 E,PCR,GENOMIC,human gut metagenome,ILLUMINA,2019-11-15T00:00:00Z,2018-10-16T06:23:00Z,1,SRP165827
SRR8061787,AMPLICON,Homo sapiens,feces,NC13,AD01,PAIRED,601,30321969,PRJNA496408,SAMN10240677,Metagenome or environmental,19991369,ZHEJIANG UNIVERSITY,2017-01-15,public,"fastq,run.zq,sra","gs,ncbi,s3","gs.us-east1,ncbi.public,s3.us-east-1",SRX4891219,China,Asia,China:Hangzhou,Illumina MiSeq,30.3 N 120.2 E,PCR,GENOMIC,human gut metagenome,ILLUMINA,2019-11-15T00:00:00Z,2018-10-16T06:23:00Z,1,SRP165827
SRR8061778,AMPLICON,Homo sapiens,feces,NC14,AD01,PAIRED,601,22070522,PRJNA496408,SAMN10240677,Metagenome or environmental,13286858,ZHEJIANG UNIVERSITY,2017-01-15,public,"fastq,run.zq,sra","gs,ncbi,s3","gs.us-east1,ncbi.public,s3.us-east-1",SRX4891228,China,Asia,China:Hangzhou,Illumina MiSeq,30.3 N 120.2 E,PCR,GENOMIC,human gut metagenome,ILLUMINA,2019-11-15T00:00:00Z,2018-10-16T06:23:00Z,1,SRP165827
SRR8061779,AMPLICON,Homo sapiens,feces,NC15,AD01,PAIRED,601,26280670,PRJNA496408,SAMN10240677,Metagenome or environmental,17215418,ZHEJIANG UNIVERSITY,2017-01-15,public,"fastq,run.zq,sra","gs,ncbi,s3","gs.us-east1,ncbi.public,s3.us-east-1",SRX4891227,China,Asia,China:Hangzhou,Illumina MiSeq,30.3 N 120.2 E,PCR,GENOMIC,human gut metagenome,ILLUMINA,2019-11-15T00:00:00Z,2018-10-16T06:23:00Z,1,SRP165827
SRR8061746,AMPLICON,Homo sapiens,feces,NC16,AD01,PAIRED,601,18860587,PRJNA496408,SAMN10240677,Metagenome or environmental,12823410,ZHEJIANG UNIVERSITY,2017-01-15,public,"fastq,run.zq,sra","gs,ncbi,s3","gs.us-east1,ncbi.public,s3.us-east-1",SRX4891260,China,Asia,China:Hangzhou,Illumina MiSeq,30.3 N 120.2 E,PCR,GENOMIC,human gut metagenome,ILLUMINA,2019-11-15T00:00:00Z,2018-10-16T06:23:00Z,1,SRP165827
SRR8061745,AMPLICON,Homo sapiens,feces,NC17,AD01,PAIRED,601,29949757,PRJNA496408,SAMN10240677,Metagenome or environmental,19082221,ZHEJIANG UNIVERSITY,2017-01-15,public,"fastq,run.zq,sra","gs,ncbi,s3","gs.us-east1,ncbi.public,s3.us-east-1",SRX4891261,China,Asia,China:Hangzhou,Illumina MiSeq,30.3 N 120.2 E,PCR,GENOMIC,human gut metagenome,ILLUMINA,2019-11-15T00:00:00Z,2018-10-16T06:23:00Z,1,SRP165827
SRR8061748,AMPLICON,Homo sapiens,feces,NC18,AD01,PAIRED,601,27370045,PRJNA496408,SAMN10240677,Metagenome or environmental,17821145,ZHEJIANG UNIVERSITY,2017-01-15,public,"fastq,run.zq,sra","gs,ncbi,s3","gs.us-east1,ncbi.public,s3.us-east-1",SRX4891258,China,Asia,China:Hangzhou,Illumina MiSeq,30.3 N 120.2 E,PCR,GENOMIC,human gut metagenome,ILLUMINA,2019-11-15T00:00:00Z,2018-10-16T06:23:00Z,1,SRP165827
SRR8061747,AMPLICON,Homo sapiens,feces,NC20,AD01,PAIRED,601,30369141,PRJNA496408,SAMN10240677,Metagenome or environmental,19943681,ZHEJIANG UNIVERSITY,2017-01-15,public,"fastq,run.zq,sra","gs,ncbi,s3","gs.us-east1,ncbi.public,s3.us-east-1",SRX4891259,China,Asia,China:Hangzhou,Illumina MiSeq,30.3 N 120.2 E,PCR,GENOMIC,human gut metagenome,ILLUMINA,2019-11-15T00:00:00Z,2018-10-16T06:23:00Z,1,SRP165827
SRR8061750,AMPLICON,Homo sapiens,feces,NC22,AD01,PAIRED,601,21532398,PRJNA496408,SAMN10240677,Metagenome or environmental,14192729,ZHEJIANG UNIVERSITY,2017-01-15,public,"fastq,run.zq,sra","gs,ncbi,s3","gs.us-east1,ncbi.public,s3.us-east-1",SRX4891256,China,Asia,China:Hangzhou,Illumina MiSeq,30.3 N 120.2 E,PCR,GENOMIC,human gut metagenome,ILLUMINA,2019-11-15T00:00:00Z,2018-10-16T06:23:00Z,1,SRP165827
SRR8061749,AMPLICON,Homo sapiens,feces,NC23,AD01,PAIRED,601,26766392,PRJNA496408,SAMN10240677,Metagenome or environmental,17766315,ZHEJIANG UNIVERSITY,2017-01-15,public,"fastq,run.zq,sra","gs,ncbi,s3","gs.us-east1,ncbi.public,s3.us-east-1",SRX4891257,China,Asia,China:Hangzhou,Illumina MiSeq,30.3 N 120.2 E,PCR,GENOMIC,human gut metagenome,ILLUMINA,2019-11-15T00:00:00Z,2018-10-16T06:23:00Z,1,SRP165827
SRR8061752,AMPLICON,Homo sapiens,feces,NC26,AD01,PAIRED,601,36276504,PRJNA496408,SAMN10240677,Metagenome or environmental,23650336,ZHEJIANG UNIVERSITY,2017-01-15,public,"fastq,run.zq,sra","gs,ncbi,s3","gs.us-east1,ncbi.public,s3.us-east-1",SRX4891254,China,Asia,China:Hangzhou,Illumina MiSeq,30.3 N 120.2 E,PCR,GENOMIC,human gut metagenome,ILLUMINA,2019-11-15T00:00:00Z,2018-10-16T06:23:00Z,1,SRP165827
SRR8061751,AMPLICON,Homo sapiens,feces,NC27,AD01,PAIRED,601,19064581,PRJNA496408,SAMN10240677,Metagenome or environmental,12833627,ZHEJIANG UNIVERSITY,2017-01-15,public,"fastq,run.zq,sra","gs,ncbi,s3","gs.us-east1,ncbi.public,s3.us-east-1",SRX4891255,China,Asia,China:Hangzhou,Illumina MiSeq,30.3 N 120.2 E,PCR,GENOMIC,human gut metagenome,ILLUMINA,2019-11-15T00:00:00Z,2018-10-16T06:23:00Z,1,SRP165827
SRR8061754,AMPLICON,Homo sapiens,feces,NC28,AD01,PAIRED,601,26691646,PRJNA496408,SAMN10240677,Metagenome or environmental,17754486,ZHEJIANG UNIVERSITY,2017-01-15,public,"fastq,run.zq,sra","gs,ncbi,s3","gs.us-east1,ncbi.public,s3.us-east-1",SRX4891252,China,Asia,China:Hangzhou,Illumina MiSeq,30.3 N 120.2 E,PCR,GENOMIC,human gut metagenome,ILLUMINA,2019-11-15T00:00:00Z,2018-10-16T06:24:00Z,1,SRP165827
SRR8061753,AMPLICON,Homo sapiens,feces,NC29,AD01,PAIRED,601,23858466,PRJNA496408,SAMN10240677,Metagenome or environmental,15667817,ZHEJIANG UNIVERSITY,2017-01-15,public,"fastq,run.zq,sra","gs,ncbi,s3","gs.us-east1,ncbi.public,s3.us-east-1",SRX4891253,China,Asia,China:Hangzhou,Illumina MiSeq,30.3 N 120.2 E,PCR,GENOMIC,human gut metagenome,ILLUMINA,2019-11-15T00:00:00Z,2018-10-16T06:23:00Z,1,SRP165827
SRR8061766,AMPLICON,Homo sapiens,feces,NC30,AD01,PAIRED,601,27886550,PRJNA496408,SAMN10240677,Metagenome or environmental,18140923,ZHEJIANG UNIVERSITY,2017-01-15,public,"fastq,run.zq,sra","gs,ncbi,s3","gs.us-east1,ncbi.public,s3.us-east-1",SRX4891240,China,Asia,China:Hangzhou,Illumina MiSeq,30.3 N 120.2 E,PCR,GENOMIC,human gut metagenome,ILLUMINA,2019-11-15T00:00:00Z,2018-10-16T06:23:00Z,1,SRP165827
SRR8061767,AMPLICON,Homo sapiens,feces,NC31,AD01,PAIRED,601,21853047,PRJNA496408,SAMN10240677,Metagenome or environmental,14297860,ZHEJIANG UNIVERSITY,2017-01-15,public,"fastq,run.zq,sra","gs,ncbi,s3","gs.us-east1,ncbi.public,s3.us-east-1",SRX4891239,China,Asia,China:Hangzhou,Illumina MiSeq,30.3 N 120.2 E,PCR,GENOMIC,human gut metagenome,ILLUMINA,2019-11-15T00:00:00Z,2018-10-16T06:23:00Z,1,SRP165827
SRR8061765,AMPLICON,Homo sapiens,feces,NC32,AD01,PAIRED,601,22754550,PRJNA496408,SAMN10240677,Metagenome or environmental,15013038,ZHEJIANG UNIVERSITY,2017-01-15,public,"fastq,run.zq,sra","gs,ncbi,s3","gs.us-east1,ncbi.public,s3.us-east-1",SRX4891241,China,Asia,China:Hangzhou,Illumina MiSeq,30.3 N 120.2 E,PCR,GENOMIC,human gut metagenome,ILLUMINA,2019-11-15T00:00:00Z,2018-10-16T06:23:00Z,1,SRP165827
SRR13285917,AMPLICON,C57BL/6,feces,C01,TAC,PAIRED,500,39041500,PRJNA687069,SAMN17132421,Metagenome or environmental,14187782,ZHEJIANG UNIVERSITY,2020-12-22,public,"fastq,run.zq,sra","gs,ncbi,s3","gs.us-east1,ncbi.public,s3.us-east-1",SRX9715285,China,Asia,China: Hangzhou,Illumina NovaSeq 6000,30.3 N 120.2 E,PCR,GENOMIC,metagenome,ILLUMINA,2023-01-01T00:00:00Z,2020-12-22T14:16:00Z,1,SRP298863
SRR13285916,AMPLICON,C57BL/6,feces,C02,TAC,PAIRED,500,41501000,PRJNA687069,SAMN17132421,Metagenome or environmental,14889282,ZHEJIANG UNIVERSITY,2020-12-22,public,"fastq,run.zq,sra","gs,ncbi,s3","gs.us-east1,ncbi.public,s3.us-east-1",SRX9715286,China,Asia,China: Hangzhou,Illumina NovaSeq 6000,30.3 N 120.2 E,PCR,GENOMIC,metagenome,ILLUMINA,2023-01-01T00:00:00Z,2020-12-22T14:16:00Z,1,SRP298863
SRR13285929,AMPLICON,C57BL/6,feces,C03,TAC,PAIRED,500,40208000,PRJNA687069,SAMN17132421,Metagenome or environmental,14480237,ZHEJIANG UNIVERSITY,2020-12-22,public,"fastq,run.zq,sra","gs,ncbi,s3","gs.us-east1,ncbi.public,s3.us-east-1",SRX9715273,China,Asia,China: Hangzhou,Illumina NovaSeq 6000,30.3 N 120.2 E,PCR,GENOMIC,metagenome,ILLUMINA,2023-01-01T00:00:00Z,2020-12-22T14:17:00Z,1,SRP298863
SRR13285924,AMPLICON,C57BL/6,feces,C04,TAC,PAIRED,500,37803500,PRJNA687069,SAMN17132421,Metagenome or environmental,13612518,ZHEJIANG UNIVERSITY,2020-12-22,public,"fastq,run.zq,sra","gs,ncbi,s3","gs.us-east1,ncbi.public,s3.us-east-1",SRX9715278,China,Asia,China: Hangzhou,Illumina NovaSeq 6000,30.3 N 120.2 E,PCR,GENOMIC,metagenome,ILLUMINA,2023-01-01T00:00:00Z,2020-12-22T14:16:00Z,1,SRP298863
SRR13285923,AMPLICON,C57BL/6,feces,C05,TAC,PAIRED,500,46403500,PRJNA687069,SAMN17132421,Metagenome or environmental,16784057,ZHEJIANG UNIVERSITY,2020-12-22,public,"fastq,run.zq,sra","gs,ncbi,s3","gs.us-east1,ncbi.public,s3.us-east-1",SRX9715279,China,Asia,China: Hangzhou,Illumina NovaSeq 6000,30.3 N 120.2 E,PCR,GENOMIC,metagenome,ILLUMINA,2023-01-01T00:00:00Z,2020-12-22T14:16:00Z,1,SRP298863
SRR13285922,AMPLICON,C57BL/6,feces,C06,TAC,PAIRED,500,35829500,PRJNA687069,SAMN17132421,Metagenome or environmental,12938323,ZHEJIANG UNIVERSITY,2020-12-22,public,"fastq,run.zq,sra","gs,ncbi,s3","gs.us-east1,ncbi.public,s3.us-east-1",SRX9715280,China,Asia,China: Hangzhou,Illumina NovaSeq 6000,30.3 N 120.2 E,PCR,GENOMIC,metagenome,ILLUMINA,2023-01-01T00:00:00Z,2020-12-22T14:16:00Z,1,SRP298863
SRR13285921,AMPLICON,C57BL/6,feces,C07,TAC,PAIRED,500,33286000,PRJNA687069,SAMN17132421,Metagenome or environmental,12089789,ZHEJIANG UNIVERSITY,2020-12-22,public,"fastq,run.zq,sra","gs,ncbi,s3","gs.us-east1,ncbi.public,s3.us-east-1",SRX9715281,China,Asia,China: Hangzhou,Illumina NovaSeq 6000,30.3 N 120.2 E,PCR,GENOMIC,metagenome,ILLUMINA,2023-01-01T00:00:00Z,2020-12-22T14:16:00Z,1,SRP298863
SRR13285920,AMPLICON,C57BL/6,feces,C08,TAC,PAIRED,500,35936000,PRJNA687069,SAMN17132421,Metagenome or environmental,12959985,ZHEJIANG UNIVERSITY,2020-12-22,public,"fastq,run.zq,sra","gs,ncbi,s3","gs.us-east1,ncbi.public,s3.us-east-1",SRX9715282,China,Asia,China: Hangzhou,Illumina NovaSeq 6000,30.3 N 120.2 E,PCR,GENOMIC,metagenome,ILLUMINA,2023-01-01T00:00:00Z,2020-12-22T14:16:00Z,1,SRP298863
SRR13285919,AMPLICON,C57BL/6,feces,T01,TAC,PAIRED,500,49328500,PRJNA687069,SAMN17132421,Metagenome or environmental,17872090,ZHEJIANG UNIVERSITY,2020-12-22,public,"fastq,run.zq,sra","gs,ncbi,s3","gs.us-east1,ncbi.public,s3.us-east-1",SRX9715283,China,Asia,China: Hangzhou,Illumina NovaSeq 6000,30.3 N 120.2 E,PCR,GENOMIC,metagenome,ILLUMINA,2023-01-01T00:00:00Z,2020-12-22T14:16:00Z,1,SRP298863
SRR13285918,AMPLICON,C57BL/6,feces,T02,TAC,PAIRED,500,41245000,PRJNA687069,SAMN17132421,Metagenome or environmental,14623402,ZHEJIANG UNIVERSITY,2020-12-22,public,"fastq,run.zq,sra","gs,ncbi,s3","gs.us-east1,ncbi.public,s3.us-east-1",SRX9715284,China,Asia,China: Hangzhou,Illumina NovaSeq 6000,30.3 N 120.2 E,PCR,GENOMIC,metagenome,ILLUMINA,2023-01-01T00:00:00Z,2020-12-22T14:16:00Z,1,SRP298863
SRR13285915,AMPLICON,C57BL/6,feces,T03,TAC,PAIRED,500,42784000,PRJNA687069,SAMN17132421,Metagenome or environmental,15510860,ZHEJIANG UNIVERSITY,2020-12-22,public,"fastq,run.zq,sra","gs,ncbi,s3","gs.us-east1,ncbi.public,s3.us-east-1",SRX9715287,China,Asia,China: Hangzhou,Illumina NovaSeq 6000,30.3 N 120.2 E,PCR,GENOMIC,metagenome,ILLUMINA,2023-01-01T00:00:00Z,2020-12-22T14:16:00Z,1,SRP298863
SRR13285914,AMPLICON,C57BL/6,feces,T04,TAC,PAIRED,500,39246000,PRJNA687069,SAMN17132421,Metagenome or environmental,14178838,ZHEJIANG UNIVERSITY,2020-12-22,public,"fastq,run.zq,sra","gs,ncbi,s3","gs.us-east1,ncbi.public,s3.us-east-1",SRX9715288,China,Asia,China: Hangzhou,Illumina NovaSeq 6000,30.3 N 120.2 E,PCR,GENOMIC,metagenome,ILLUMINA,2023-01-01T00:00:00Z,2020-12-22T14:16:00Z,1,SRP298863
SRR13285937,AMPLICON,C57BL/6,feces,T05,TAC,PAIRED,500,44906000,PRJNA687069,SAMN17132421,Metagenome or environmental,16074027,ZHEJIANG UNIVERSITY,2020-12-22,public,"fastq,run.zq,sra","gs,ncbi,s3","gs.us-east1,ncbi.public,s3.us-east-1",SRX9715265,China,Asia,China: Hangzhou,Illumina NovaSeq 6000,30.3 N 120.2 E,PCR,GENOMIC,metagenome,ILLUMINA,2023-01-01T00:00:00Z,2020-12-22T14:17:00Z,1,SRP298863
SRR13285936,AMPLICON,C57BL/6,feces,T06,TAC,PAIRED,500,41534000,PRJNA687069,SAMN17132421,Metagenome or environmental,14973662,ZHEJIANG UNIVERSITY,2020-12-22,public,"fastq,run.zq,sra","gs,ncbi,s3","gs.us-east1,ncbi.public,s3.us-east-1",SRX9715266,China,Asia,China: Hangzhou,Illumina NovaSeq 6000,30.3 N 120.2 E,PCR,GENOMIC,metagenome,ILLUMINA,2023-01-01T00:00:00Z,2020-12-22T14:17:00Z,1,SRP298863
SRR13285935,AMPLICON,C57BL/6,feces,T07,TAC,PAIRED,500,42533500,PRJNA687069,SAMN17132421,Metagenome or environmental,15298955,ZHEJIANG UNIVERSITY,2020-12-22,public,"fastq,run.zq,sra","gs,ncbi,s3","gs.us-east1,ncbi.public,s3.us-east-1",SRX9715267,China,Asia,China: Hangzhou,Illumina NovaSeq 6000,30.3 N 120.2 E,PCR,GENOMIC,metagenome,ILLUMINA,2023-01-01T00:00:00Z,2020-12-22T14:17:00Z,1,SRP298863
SRR13285934,AMPLICON,C57BL/6,feces,T08,TAC,PAIRED,500,42358000,PRJNA687069,SAMN17132421,Metagenome or environmental,15332797,ZHEJIANG UNIVERSITY,2020-12-22,public,"fastq,run.zq,sra","gs,ncbi,s3","gs.us-east1,ncbi.public,s3.us-east-1",SRX9715268,China,Asia,China: Hangzhou,Illumina NovaSeq 6000,30.3 N 120.2 E,PCR,GENOMIC,metagenome,ILLUMINA,2023-01-01T00:00:00Z,2020-12-22T14:17:00Z,1,SRP298863
SRR13285933,AMPLICON,C57BL/6,feces,TP01,TAC,PAIRED,500,34623000,PRJNA687069,SAMN17132421,Metagenome or environmental,12433213,ZHEJIANG UNIVERSITY,2020-12-22,public,"fastq,run.zq,sra","gs,ncbi,s3","gs.us-east1,ncbi.public,s3.us-east-1",SRX9715269,China,Asia,China: Hangzhou,Illumina NovaSeq 6000,30.3 N 120.2 E,PCR,GENOMIC,metagenome,ILLUMINA,2023-01-01T00:00:00Z,2020-12-22T14:17:00Z,1,SRP298863
SRR13285932,AMPLICON,C57BL/6,feces,TP02,TAC,PAIRED,500,40997000,PRJNA687069,SAMN17132421,Metagenome or environmental,14638487,ZHEJIANG UNIVERSITY,2020-12-22,public,"fastq,run.zq,sra","gs,ncbi,s3","gs.us-east1,ncbi.public,s3.us-east-1",SRX9715270,China,Asia,China: Hangzhou,Illumina NovaSeq 6000,30.3 N 120.2 E,PCR,GENOMIC,metagenome,ILLUMINA,2023-01-01T00:00:00Z,2020-12-22T14:17:00Z,1,SRP298863
SRR13285931,AMPLICON,C57BL/6,feces,TP03,TAC,PAIRED,500,45656000,PRJNA687069,SAMN17132421,Metagenome or environmental,16271920,ZHEJIANG UNIVERSITY,2020-12-22,public,"fastq,run.zq,sra","gs,ncbi,s3","gs.us-east1,ncbi.public,s3.us-east-1",SRX9715271,China,Asia,China: Hangzhou,Illumina NovaSeq 6000,30.3 N 120.2 E,PCR,GENOMIC,metagenome,ILLUMINA,2023-01-01T00:00:00Z,2020-12-22T14:17:00Z,1,SRP298863
SRR13285930,AMPLICON,C57BL/6,feces,TP04,TAC,PAIRED,500,49560500,PRJNA687069,SAMN17132421,Metagenome or environmental,17496647,ZHEJIANG UNIVERSITY,2020-12-22,public,"fastq,run.zq,sra","gs,ncbi,s3","gs.us-east1,ncbi.public,s3.us-east-1",SRX9715272,China,Asia,China: Hangzhou,Illumina NovaSeq 6000,30.3 N 120.2 E,PCR,GENOMIC,metagenome,ILLUMINA,2023-01-01T00:00:00Z,2020-12-22T14:17:00Z,1,SRP298863
SRR13285928,AMPLICON,C57BL/6,feces,TP05,TAC,PAIRED,500,44060500,PRJNA687069,SAMN17132421,Metagenome or environmental,16072327,ZHEJIANG UNIVERSITY,2020-12-22,public,"fastq,run.zq,sra","gs,ncbi,s3","gs.us-east1,ncbi.public,s3.us-east-1",SRX9715274,China,Asia,China: Hangzhou,Illumina NovaSeq 6000,30.3 N 120.2 E,PCR,GENOMIC,metagenome,ILLUMINA,2023-01-01T00:00:00Z,2020-12-22T14:17:00Z,1,SRP298863
SRR13285927,AMPLICON,C57BL/6,feces,TP06,TAC,PAIRED,500,44190500,PRJNA687069,SAMN17132421,Metagenome or environmental,15892611,ZHEJIANG UNIVERSITY,2020-12-22,public,"fastq,run.zq,sra","gs,ncbi,s3","gs.us-east1,ncbi.public,s3.us-east-1",SRX9715275,China,Asia,China: Hangzhou,Illumina NovaSeq 6000,30.3 N 120.2 E,PCR,GENOMIC,metagenome,ILLUMINA,2023-01-01T00:00:00Z,2020-12-22T14:17:00Z,1,SRP298863
SRR13285926,AMPLICON,C57BL/6,feces,TP07,TAC,PAIRED,500,43144000,PRJNA687069,SAMN17132421,Metagenome or environmental,15569374,ZHEJIANG UNIVERSITY,2020-12-22,public,"fastq,run.zq,sra","gs,ncbi,s3","gs.us-east1,ncbi.public,s3.us-east-1",SRX9715276,China,Asia,China: Hangzhou,Illumina NovaSeq 6000,30.3 N 120.2 E,PCR,GENOMIC,metagenome,ILLUMINA,2023-01-01T00:00:00Z,2020-12-22T14:16:00Z,1,SRP298863
SRR13285925,AMPLICON,C57BL/6,feces,TP08,TAC,PAIRED,500,46242000,PRJNA687069,SAMN17132421,Metagenome or environmental,16662042,ZHEJIANG UNIVERSITY,2020-12-22,public,"fastq,run.zq,sra","gs,ncbi,s3","gs.us-east1,ncbi.public,s3.us-east-1",SRX9715277,China,Asia,China: Hangzhou,Illumina NovaSeq 6000,30.3 N 120.2 E,PCR,GENOMIC,metagenome,ILLUMINA,2023-01-01T00:00:00Z,2020-12-22T14:16:00Z,1,SRP298863

